{
  "parent": "item/shulker_shell",
  "textures": {
    "layer0": "item/shulker_shell"
  },
  "overrides": [
    {
      "predicate": {
        "custom_model_data": 1000
      },
      "model": "arcades:item/number_0"
    },
    {
      "predicate": {
        "custom_model_data": 1001
      },
      "model": "arcades:item/number_1"
    },
    {
      "predicate": {
        "custom_model_data": 1002
      },
      "model": "arcades:item/number_2"
    },
    {
      "predicate": {
        "custom_model_data": 1003
      },
      "model": "arcades:item/number_3"
    },
    {
      "predicate": {
        "custom_model_data": 1004
      },
      "model": "arcades:item/number_4"
    },
    {
      "predicate": {
        "custom_model_data": 1005
      },
      "model": "arcades:item/number_5"
    },
    {
      "predicate": {
        "custom_model_data": 1006
      },
      "model": "arcades:item/number_6"
    },
    {
      "predicate": {
        "custom_model_data": 1007
      },
      "model": "arcades:item/number_7"
    },
    {
      "predicate": {
        "custom_model_data": 1008
      },
      "model": "arcades:item/number_8"
    }
  ]
}